{
  "javascript": {
    "main": "http://localhost:8081/dist/bundle.js"
  },
  "styles": {},
  "assets": {
    "./~/font-awesome/fonts/fontawesome-webfont.eot": "http://localhost:8081/dist/404a525502f8e5ba7e93b9f02d9e83a9.eot",
    "./src/components/common/button/styles.scss": {
      "Button": "Button___1c-Ao",
      "is-default": "is-default___1z-sz",
      "_style": "/** @define Button; use strict */\n.Button___1c-Ao {\n  cursor: pointer;\n  -ms-flex: 1;\n      flex: 1;\n  -ms-flex-pack: center;\n      justify-content: center;\n  -ms-flex-align: center;\n      -ms-grid-row-align: center;\n      align-items: center;\n  border: 0 none;\n  outline: none;\n  text-align: center;\n  font-size: 18px;\n  border-radius: 5px;\n  color: white;\n}\n\n.Button___1c-Ao:active {\n  border: none !important;\n  opacity: 0.5 !important;\n}\n\n.Button___1c-Ao.is-default___1z-sz {\n  background-color: lightblue;\n  color: white;\n  text-transform: initial;\n}\n"
    },
    "./src/components/Sidebar/styles.scss": {
      "sidebar": "sidebar___28bsS",
      "not_opened": "not_opened___1CZm-",
      "opened": "opened___2C9T1",
      "top_area": "top_area___1jhZb",
      "logo_icon": "logo_icon___1F565",
      "buttonArea": "buttonArea___3h-RG",
      "login": "login___18O9R",
      "closed": "closed___2q8Ac",
      "visible": "visible___1mOxR",
      "sep": "sep___2KAt7",
      "invisible": "invisible___1T4OY",
      "_style": "/** @define sidebar; use strict */\n.sidebar___28bsS {\n  display: block;\n}\n\n.sidebar___28bsS.not_opened___1CZm- {\n  width: 60px;\n}\n\n.sidebar___28bsS.opened___2C9T1 {\n  width: 200px;\n}\n\n.sidebar___28bsS .top_area___1jhZb {\n  display: -ms-flexbox;\n  display: flex;\n  vertical-align: middle;\n  -ms-flex-align: center;\n      align-items: center;\n  -ms-flex-direction: row;\n      flex-direction: row;\n}\n\n.sidebar___28bsS .top_area___1jhZb .logo_icon___1F565 {\n  cursor: pointer;\n  width: 45px;\n  height: 45px;\n  margin: 7.5px;\n}\n\n.sidebar___28bsS .buttonArea___3h-RG {\n  display: -ms-flexbox;\n  display: flex;\n  -ms-flex-direction: column;\n      flex-direction: column;\n}\n\n.sidebar___28bsS .buttonArea___3h-RG .login___18O9R {\n  text-align: right;\n  margin-right: 20px;\n  margin-top: 10px;\n  background-color: transparent;\n}\n\n.sidebar___28bsS .opened___2C9T1, .sidebar___28bsS .closed___2q8Ac {\n  position: absolute;\n  background-color: #2a2f3a;\n  height: 100%;\n  min-height: 900px;\n  box-sizing: border-box;\n  transition: transform ease 250ms;\n}\n\n.sidebar___28bsS .opened___2C9T1 {\n  width: 200px;\n  left: -200px;\n}\n\n.sidebar___28bsS .opened___2C9T1.visible___1mOxR {\n  transform: translate3d(200px, 0, 0);\n}\n\n.sidebar___28bsS .opened___2C9T1.visible___1mOxR .top_area___1jhZb {\n  -ms-flex-pack: end;\n      justify-content: flex-end;\n  margin-right: 10px;\n}\n\n.sidebar___28bsS .closed___2q8Ac {\n  left: -60px;\n  width: 60px;\n  min-width: 60px;\n}\n\n.sidebar___28bsS .closed___2q8Ac.visible___1mOxR {\n  transform: translate3d(60px, 0, 0);\n}\n\n.sidebar___28bsS .opened___2C9T1 .sep___2KAt7 {\n  height: 30px;\n}\n\n.sidebar___28bsS .invisible___1T4OY .buttonArea___3h-RG {\n  display: none;\n}\n"
    },
    "./src/containers/Base/styles.scss": {
      "Base": "Base___2CxLW",
      "Base_Content": "Base_Content___3poj9",
      "_style": "/** @define Base; use strict */\n.Base___2CxLW {\n  position: absolute;\n  width: 100%;\n  height: 100%;\n  top: 0px;\n  left: 0px;\n  display: -ms-flexbox;\n  display: flex;\n  -ms-flex-direction: row;\n      flex-direction: row;\n}\n\n.Base_Content___3poj9 {\n  -ms-flex: 1;\n      flex: 1;\n  display: -ms-flexbox;\n  display: flex;\n  -ms-flex-direction: column;\n      flex-direction: column;\n}\n\nbutton {\n  border-radius: 3px;\n  border-width: 0px;\n  border-color: white;\n  background-color: white;\n}\n\ndiv {\n  -webkit-touch-callout: none;\n  /* iOS Safari */\n  -webkit-user-select: none;\n  /* Chrome/Safari/Opera */\n  /* Konqueror */\n  -moz-user-select: none;\n  /* Firefox */\n  -ms-user-select: none;\n  /* IE/Edge */\n  user-select: none;\n}\n\ntextarea:focus, input:focus {\n  outline: none;\n}\n\ntextarea, input {\n  border: 0px;\n}\n\n*::-webkit-input-placeholder {\n  color: lightGrey;\n}\n\n*:-moz-placeholder {\n  /* FF 4-18 */\n  color: lightGrey;\n}\n\n*::-moz-placeholder {\n  /* FF 19+ */\n  color: lightGrey;\n}\n\n*:-ms-input-placeholder {\n  /* IE 10+ */\n  color: lightGrey;\n}\n"
    },
    "./src/components/Map/MapCard/styles.scss": {
      "markerOverlay": "markerOverlay___f3wVk",
      "info": "info___3cZtW",
      "label": "label___3YbDW",
      "closeIcon": "closeIcon___3zUtH",
      "_style": "/** @define MapCard; use strict */\n.markerOverlay___f3wVk {\n  position: absolute !important;\n  width: 400px;\n  height: 300px;\n  background-color: white;\n  border-radius: 15px;\n  z-index: 10000;\n}\n\n.markerOverlay___f3wVk .info___3cZtW {\n  padding: 10px;\n}\n\n.markerOverlay___f3wVk .info___3cZtW .label___3YbDW {\n  margin: 20px;\n}\n\n.closeIcon___3zUtH {\n  width: 17px;\n  height: 17px;\n  padding: 1px;\n  margin: -10px auto 0;\n  transform: rotate(45deg);\n  background-color: white;\n  position: absolute;\n  top: 300px;\n  left: 200px;\n}\n"
    },
    "./src/components/Map/styles.scss": {
      "mapContainer": "mapContainer___1zPkp",
      "map": "map___2pgSP",
      "_style": "/** @define Map; use strict */\n.mapContainer___1zPkp {\n  display: -ms-flexbox;\n  display: flex;\n  -ms-flex: 1;\n      flex: 1;\n}\n\n.map___2pgSP {\n  position: relative;\n  width: 100%;\n}\n"
    },
    "./src/containers/Home/styles.scss": {
      "homeAreaContainer": "homeAreaContainer___32jsl",
      "HomeArea": "HomeArea___2x45_",
      "_style": "/** @define Home; use strict */\n.homeAreaContainer___32jsl {\n  -ms-flex: 1;\n      flex: 1;\n  display: -ms-flexbox;\n  display: flex;\n}\n\n.HomeArea___2x45_ {\n  position: absolute;\n  width: 100%;\n}\n"
    },
    "./src/components/common/input/TextInput/styles.scss": {
      "TextInput": "TextInput___3yccL",
      "input-error": "input-error___rlo6-",
      "no_border": "no_border___1wK_f",
      "label_error": "label_error___1jMWk",
      "_style": "/** @define TextInput; use strict */\n.TextInput___3yccL {\n  width: 100%;\n  height: 60px;\n}\n\n.TextInput___3yccL input {\n  width: 100%;\n  height: 30px;\n  font-size: 20px;\n  border-bottom: 1.5px solid;\n  border-color: grey;\n}\n\n.TextInput___3yccL input.input-error___rlo6- {\n  border-bottom: 3px solid;\n  border-color: red !important;\n}\n\n.TextInput___3yccL input.no_border___1wK_f {\n  border-bottom: 0px solid;\n}\n\n.TextInput___3yccL .label_error___1jMWk {\n  color: red;\n  margin-top: 5px;\n  font-size: 15px;\n}\n"
    },
    "./src/containers/TestDevice/styles.scss": {
      "TestDevice": "TestDevice___iacO4",
      "itemArea": "itemArea___Z9e6-",
      "textInput": "textInput___20vkm",
      "label_error": "label_error___3ckNg",
      "buttonArea": "buttonArea___mPa7k",
      "button": "button___VzuT5",
      "_style": "/** @define NotFound; use strict */\n.TestDevice___iacO4 {\n  position: absolute;\n  width: 100%;\n  height: 100%;\n  background-color: #f7f7f7;\n  padding: 40px;\n}\n\n.TestDevice___iacO4 .itemArea___Z9e6- {\n  width: 500px;\n  height: 30px;\n  margin-top: 20px;\n  display: -ms-flexbox;\n  display: flex;\n  flex-display: row;\n}\n\n.TestDevice___iacO4 .itemArea___Z9e6- span {\n  width: 120px;\n  margin-right: 30px;\n  text-align: right;\n  line-height: 30px;\n}\n\n.TestDevice___iacO4 .itemArea___Z9e6- .textInput___20vkm {\n  width: 250px;\n  height: 40px;\n  background: transparent;\n}\n\n.TestDevice___iacO4 .itemArea___Z9e6- .textInput___20vkm input {\n  background: transparent;\n  height: 20px;\n}\n\n.TestDevice___iacO4 .itemArea___Z9e6- .textInput___20vkm .label_error___3ckNg {\n  margin-top: 2px;\n}\n\n.TestDevice___iacO4 .buttonArea___mPa7k {\n  display: -ms-flexbox;\n  display: flex;\n  -ms-flex-direction: row;\n      flex-direction: row;\n  width: 400px;\n  -ms-flex-pack: end;\n      justify-content: flex-end;\n}\n\n.TestDevice___iacO4 .buttonArea___mPa7k .button___VzuT5 {\n  margin-top: 20px;\n  width: 120px;\n  margin-left: 20px;\n  background-color: #f7f7f7;\n  border: 1px solid grey;\n  border-radius: 5px;\n  height: 30px;\n  line-height: 30px;\n  text-align: center;\n  cursor: pointer;\n}\n\n.TestDevice___iacO4 .buttonArea___mPa7k .button___VzuT5:active {\n  opacity: 0.6;\n}\n"
    },
    "./src/components/common/input/AutoTextComplete/styles.scss": {
      "AutoComplete": "AutoComplete___3YUqy",
      "input-error": "input-error___1oXQo",
      "label_error": "label_error___3VMtQ",
      "_style": "/** @define TextInput; use strict */\n.AutoComplete___3YUqy img {\n  cursor: pointer;\n  margin-left: -30px;\n  margin-top: 5px;\n  height: 15px;\n}\n\n.AutoComplete___3YUqy img:active {\n  opacity: 0.6;\n}\n\n.AutoComplete___3YUqy.input-error___1oXQo {\n  position: relative;\n}\n\n.AutoComplete___3YUqy.input-error___1oXQo .label_error___3VMtQ {\n  position: absolute;\n  top: 40px;\n  color: red;\n}\n"
    },
    "./src/components/common/button/Facebook/styles.scss": {
      "kep-login-facebook": "kep-login-facebook___3c4CG",
      "small": "small___3pBh-",
      "medium": "medium___1cKq1",
      "metro": "metro___2dnh8",
      "fa": "fa___2QcXJ",
      "_style": "/** @define FacebookButton; use strict */\n.kep-login-facebook___3c4CG {\n  font-family: \"Helvetica\", sans-serif;\n  font-weight: bold;\n  -webkit-font-smoothing: antialiased;\n  border-width: calc(0.06887vw + 0.67769px);\n  border-style: solid;\n  color: #FFF;\n  cursor: pointer;\n  display: inline-block;\n  font-size: calc(0.27548vw + 12.71074px);\n  text-decoration: none;\n  text-transform: uppercase;\n  transition: background-color .3s, border-color .3s;\n  background-color: #4C69BA;\n  border-color: #4C69BA;\n  padding: calc(0.34435vw + 13.38843px) calc(0.34435vw + 18.38843px);\n}\n\n.kep-login-facebook___3c4CG.small___3pBh- {\n  padding: calc(0.34435vw + 3.38843px) calc(0.34435vw + 8.38843px);\n}\n\n.kep-login-facebook___3c4CG.medium___1cKq1 {\n  padding: calc(0.34435vw + 8.38843px) calc(0.34435vw + 13.38843px);\n}\n\n.kep-login-facebook___3c4CG.metro___2dnh8 {\n  border-radius: 0;\n}\n\n.kep-login-facebook___3c4CG .fa___2QcXJ {\n  margin-right: calc(0.34435vw + 3.38843px);\n}\n"
    },
    "./src/components/LoginForm/styles.scss": {
      "LoginForm": "LoginForm___382l8",
      "FormContainer": "FormContainer___3D022",
      "Label1": "Label1___2Fc0W",
      "LabelArea2": "LabelArea2___6haPW",
      "Label2": "Label2___vb962",
      "Label3": "Label3___2PHu9",
      "left": "left___1Zhe8",
      "ComponentArea": "ComponentArea___2rE6u",
      "terms_policy": "terms_policy___cHl40",
      "underline": "underline___3jgtA",
      "btnSignUp": "btnSignUp___3idko",
      "btnFacebook": "btnFacebook___3ez_L",
      "rowContainer": "rowContainer___2Mzat",
      "selectArea": "selectArea___1J33l",
      "selectList": "selectList___1zuCu",
      "optionItem": "optionItem___1qFy4",
      "genderList": "genderList___1PGZv",
      "userTypeArea": "userTypeArea___ddPY1",
      "languageArea": "languageArea___3tuTV",
      "btnAdd": "btnAdd___3Xe_-",
      "btnDelete": "btnDelete___VVfrm",
      "SignForm": "SignForm___3KZMM",
      "labelFormField": "labelFormField___2fVzs",
      "_style": "/** @define LoginForm; use strict */\n.LoginForm___382l8 {\n  height: 100%;\n  display: -ms-flexbox;\n  display: flex;\n  -ms-flex-direction: column;\n      flex-direction: column;\n  margin-left: 50px;\n  margin-right: 50px;\n  min-width: 400px;\n}\n\n.LoginForm___382l8 .FormContainer___3D022 {\n  -ms-flex: 2;\n      flex: 2;\n  display: -ms-flexbox;\n  display: flex;\n  -ms-flex-direction: column;\n      flex-direction: column;\n  vertical-align: bottom;\n  -ms-flex-pack: end;\n      justify-content: flex-end;\n  margin-bottom: 30px;\n}\n\n.LoginForm___382l8 .FormContainer___3D022 .Label1___2Fc0W {\n  color: #1d5783;\n  font-size: 40px;\n}\n\n.LoginForm___382l8 .FormContainer___3D022 .LabelArea2___6haPW {\n  margin-top: 10px;\n  display: -ms-flexbox;\n  display: flex;\n  -ms-flex-direction: row;\n      flex-direction: row;\n}\n\n.LoginForm___382l8 .FormContainer___3D022 .LabelArea2___6haPW .Label2___vb962 {\n  color: #bababa;\n  font-size: 20px;\n}\n\n.LoginForm___382l8 .FormContainer___3D022 .LabelArea2___6haPW .Label3___2PHu9 {\n  -ms-flex: 1;\n      flex: 1;\n  padding: 0px;\n  font-size: 20px;\n  -ms-flex-align: end;\n      -ms-grid-row-align: flex-end;\n      align-items: flex-end;\n  -ms-flex-pack: end;\n      justify-content: flex-end;\n  text-align: right;\n  color: #47bfe6;\n  margin-right: 10px;\n}\n\n.LoginForm___382l8 .FormContainer___3D022 .LabelArea2___6haPW .Label3___2PHu9.left___1Zhe8 {\n  text-align: left;\n}\n\n.LoginForm___382l8 .ComponentArea___2rE6u {\n  -ms-flex: 5;\n      flex: 5;\n}\n\n.LoginForm___382l8 .ComponentArea___2rE6u .terms_policy___cHl40 {\n  margin-top: 10px;\n}\n\n.LoginForm___382l8 .ComponentArea___2rE6u .terms_policy___cHl40 span, .LoginForm___382l8 .ComponentArea___2rE6u .terms_policy___cHl40 .underline___3jgtA {\n  font-size: 13px;\n  color: #bababa;\n}\n\n.LoginForm___382l8 .ComponentArea___2rE6u .terms_policy___cHl40 .underline___3jgtA {\n  padding: 0px;\n  border-radius: 0;\n  border-bottom: 2px solid #bababa;\n}\n\n.LoginForm___382l8 .ComponentArea___2rE6u .btnSignUp___3idko {\n  padding: 0px;\n  width: 100%;\n  margin-top: 20px;\n  height: 50px;\n  font-size: 20px;\n  background-color: #1799cc;\n}\n\n.LoginForm___382l8 .ComponentArea___2rE6u .btnSignUp___3idko:active {\n  border: none;\n  background-color: #36bdea !important;\n  opacity: 1;\n}\n\n.LoginForm___382l8 .ComponentArea___2rE6u .btnFacebook___3ez_L {\n  width: 100%;\n  margin-top: 5px;\n  height: 50px;\n  font-size: 20px;\n  background-color: #3a5998;\n}\n\n.LoginForm___382l8 .ComponentArea___2rE6u .btnFacebook___3ez_L span {\n  font-size: 20px;\n}\n\n.LoginForm___382l8 .ComponentArea___2rE6u .btnFacebook___3ez_L i {\n  position: absolute;\n  text-align: left;\n  left: 30px;\n  margin-left: 30px;\n  font-size: 35px;\n  margin-top: -5px;\n  padding-right: 10px;\n  border-right: 2px solid #3c3c3c;\n}\n\n.LoginForm___382l8 .ComponentArea___2rE6u .rowContainer___2Mzat {\n  display: -ms-flexbox;\n  display: flex;\n  -ms-flex-direction: row;\n      flex-direction: row;\n}\n\n.LoginForm___382l8 .ComponentArea___2rE6u .rowContainer___2Mzat .selectArea___1J33l {\n  display: -ms-flexbox;\n  display: flex;\n  margin-left: 20px;\n  width: 250px;\n  height: 50px;\n}\n\n.LoginForm___382l8 .ComponentArea___2rE6u .rowContainer___2Mzat .selectArea___1J33l div input {\n  width: 150px;\n  height: 30px;\n  border: 2px solid;\n  border-color: #bababa;\n  border-radius: 5px;\n  padding-left: 10px;\n  color: #7f7f7f;\n  font-size: 20px;\n}\n\n.LoginForm___382l8 .ComponentArea___2rE6u .rowContainer___2Mzat .selectArea___1J33l .selectList___1zuCu div:nth-child(4) {\n  overflow-x: hidden !important;\n  width: 150px !important;\n  min-width: 162px !important;\n  margin-top: 2px;\n  border: 1px solid;\n  border-color: #bababa;\n  border-radius: 5px;\n  left: 0px !important;\n  top: 0px !important;\n  position: relative !important;\n}\n\n.LoginForm___382l8 .ComponentArea___2rE6u .rowContainer___2Mzat .selectArea___1J33l .selectList___1zuCu .optionItem___1qFy4 {\n  border: 0px solid;\n  margin-left: 10px;\n  border-radius: 0px;\n  height: 30px !important;\n  line-height: 30px;\n  color: #7f7f7f;\n  font-size: 20px;\n  cursor: pointer;\n}\n\n.LoginForm___382l8 .ComponentArea___2rE6u .rowContainer___2Mzat .selectArea___1J33l .genderList___1PGZv div:first-child {\n  height: 250px;\n}\n\n.LoginForm___382l8 .ComponentArea___2rE6u .rowContainer___2Mzat .userTypeArea___ddPY1 {\n  margin-left: 0px;\n  display: -ms-flexbox;\n  display: flex;\n  -ms-flex-direction: row;\n      flex-direction: row;\n  -ms-flex: 1;\n      flex: 1;\n}\n\n.LoginForm___382l8 .ComponentArea___2rE6u .rowContainer___2Mzat .languageArea___3tuTV .btnAdd___3Xe_- {\n  cursor: pointer;\n  display: -ms-flexbox;\n  display: flex;\n  margin-left: 20px;\n  margin-top: 5px;\n  width: 25px;\n  height: 25px;\n  border-radius: 25px;\n  -ms-flex-align: center;\n      align-items: center;\n  -ms-flex-pack: center;\n      justify-content: center;\n  background-color: #47bfe6;\n}\n\n.LoginForm___382l8 .ComponentArea___2rE6u .rowContainer___2Mzat .languageArea___3tuTV .btnAdd___3Xe_- img {\n  height: 20px;\n}\n\n.LoginForm___382l8 .ComponentArea___2rE6u .rowContainer___2Mzat .languageArea___3tuTV .btnAdd___3Xe_-:active {\n  opacity: 0.6;\n}\n\n.LoginForm___382l8 .ComponentArea___2rE6u .rowContainer___2Mzat .languageArea___3tuTV div input {\n  width: 105px;\n}\n\n.LoginForm___382l8 .ComponentArea___2rE6u .rowContainer___2Mzat .languageArea___3tuTV .selectList___1zuCu div:nth-child(4) {\n  width: 105px !important;\n  min-width: 117px !important;\n}\n\n.LoginForm___382l8 .ComponentArea___2rE6u .rowContainer___2Mzat .btnDelete___VVfrm {\n  cursor: pointer;\n  margin-left: -20px;\n  display: -ms-flexbox;\n  display: flex;\n  -ms-flex-pack: center;\n      justify-content: center;\n  -ms-flex-align: center;\n      align-items: center;\n}\n\n.LoginForm___382l8 .ComponentArea___2rE6u .rowContainer___2Mzat .btnDelete___VVfrm img {\n  margin-top: -30px;\n  width: 20px;\n}\n\n.LoginForm___382l8 .ComponentArea___2rE6u .rowContainer___2Mzat .btnDelete___VVfrm:active {\n  opacity: 0.6;\n}\n\n.SignForm___3KZMM .FormContainer___3D022 {\n  -ms-flex: 1;\n      flex: 1;\n}\n\n.labelFormField___2fVzs {\n  line-height: 36px;\n  -ms-flex: 1;\n      flex: 1;\n  height: 36px;\n  width: 120px;\n  margin-right: 15px;\n  font-size: 20px;\n}\n"
    },
    "./src/components/LoginForm/AppPage/styles.scss": {
      "AppPage": "AppPage___vkIdb",
      "container": "container___iHa05",
      "Top": "Top___yfNJv",
      "app": "app___1iBDj",
      "_style": "/** @define AppPage; use strict */\n.AppPage___vkIdb {\n  width: 100%;\n  height: 100%;\n}\n\n.AppPage___vkIdb .container___iHa05 {\n  width: 100%;\n  height: 100%;\n  display: -ms-flexbox;\n  display: flex;\n  -ms-flex-direction: column;\n      flex-direction: column;\n  background-color: #47bfe6;\n  -ms-flex-align: center;\n      align-items: center;\n}\n\n.AppPage___vkIdb .container___iHa05 .Top___yfNJv {\n  display: -ms-flexbox;\n  display: flex;\n  min-height: 80px;\n  -ms-flex-align: end;\n      align-items: flex-end;\n  -ms-flex-pack: center;\n      justify-content: center;\n  -ms-flex: 0.5;\n      flex: 0.5;\n  width: 350px;\n  text-align: center;\n  color: white;\n  font-size: 40px;\n  font-weight: 900;\n}\n\n.AppPage___vkIdb img.app___1iBDj {\n  height: 10%;\n  cursor: pointer;\n  margin-top: 30px;\n}\n\n.AppPage___vkIdb img.app___1iBDj:active {\n  opacity: 0.5;\n}\n"
    },
    "./src/containers/Account/styles.scss": {
      "AccountView": "AccountView___23rJy",
      "component_area": "component_area___3owha",
      "app_area": "app_area___31CJ0",
      "_style": ".AccountView___23rJy {\n  position: absolute;\n  width: 100%;\n  height: 100%;\n  display: -ms-flexbox;\n  display: flex;\n  -ms-flex-direction: row;\n      flex-direction: row;\n}\n\n.AccountView___23rJy .component_area___3owha {\n  -ms-flex: 5;\n      flex: 5;\n  height: 100%;\n  min-width: 300px;\n}\n\n.AccountView___23rJy .app_area___31CJ0 {\n  -ms-flex: 9;\n      flex: 9;\n  min-width: 540px;\n  height: 100%;\n}\n"
    }
  }
}