{
  "development": {
    "scripts": [
      
    ],
    "styles": [
      "http://cdn.leafletjs.com/leaflet-0.7.3/leaflet.css",
      "http://maxcdn.bootstrapcdn.com/font-awesome/4.5.0/css/font-awesome.min.css"
    ]
  },
  "dir": {
    "css": "css",
    "dist": "dist",
    "js": "js",
    "images": "images",
    "src": "src",
    "static": "static"
  },
  "production": {
    "scripts": [
      {
        "file": "./",
        "identifier": "React",
        "import": "react"
      }
    ],
    "styles": [
      "./dist/styles.min.css"
    ]
  },
  "subDirectoryNodeModules": [
    "react-dom-stream/server"
  ]
}
